family,conteo
berbew,348916
expiro,148662
wacatac,121750
cosmu,107900
xmrig,57056
upatre,50564
sfone,44350
glupteba,43324
grandoreiro,41082
flystudio,36258
sinowal,34578
virut,20508
floxif,19254
tempedreve,18952
mimikatz,18490
barys,16658
virlock,13676
blackmoon,13562
emdup,13346
ekstak,12778
ipamor,12692
strelastealer,11952
sality,11842
swisyn,11686
axespec,11544
bedep,11322
redline,11312
cobaltstrike,11082
zeus,11062
aenjaris,10934
urelas,10536
convagent,10446
banload,9708
shipshape,9650
gepys,9250
qqrob,9000
shodi,8808
puwaders,8666
risepro,8470
vobfus,8432
lummastealer,8012
snackarcin,7806
mofksys,7730
fragtor,7730
disco,7610
neshta,7272
khalesi,7154
eggnog,7088
smokeloader,7012
caynamer,6988
allaple,6976
dinwod,6956
amadey,6836
stealc,6570
caypnamer,6210
pytr,6172
engimastealer,6124
cerbu,6112
debrisa,5884
nitol,5582
zegost,5446
black,5336
ulise,5220
beebone,5140
phonzy,5048
pyfatget,4990
picsys,4978
wronginf,4790
ramnit,4450
wabot,4430
ctsinf,4374
conficker,4314
hematite,4248
doina,4248
juched,4226
trickbot,4222
njrat,4212
stop,4020
mikey,3904
pincav,3874
salgorea,3854
scarletflash,3836
chinky,3716
alien,3686
goblin,3678
emotet,3672
triusor,3626
crifi,3570
injuke,3494
opensupdater,3342
blackie,3304
puce,3234
cuegoe,3204
midie,3156
noobyprotect,3034
presenoker,3004
blihan,2948
disin,2942
cardspy,2934
stormattack,2894
vilsel,2872
soltern,2858
satana,2824
innobundle,2814
babar,2766
reconyc,2732
jadtre,2712
shelm,2706
injurer,2688
cerber,2662
andromeda,2574
windigo,2552
dridex,2552
unruy,2548
neoreklami,2502
pkeylog,2414
reflo,2370
diple,2364
znyonm,2334
salrenmetie,2322
ad2345,2302
darkcomet,2256
mabezat,2254
dampatch,2228
marte,2218
mydoom,2202
hckpk,2190
vindor,2166
rugmi,2162
fujacks,2156
antavmu,2144
finspy,2124
strab,2118
fauppod,2110
gator,2110
dorv,2106
fusioncore,2098
guildma,2074
remcos,2062
lolbot,2048
poker,2020
makoob,2016
munp,2002
clipbanker,1944
simda,1916
diztakun,1916
nuitka,1884
palevo,1838
plugx,1816
stubo,1810
gandcrab,1796
fesber,1734
offloader,1734
donut,1732
metasploit,1716
dapato,1662
fugrafa,1636
packz,1624
almi,1584
flyagent,1584
goshell,1578
agenttesla,1572
realprotect,1554
hupigon,1530
pajetbin,1468
fasong,1456
onlinegames,1434
koceg,1402
prepscram,1394
luna,1382
shyape,1368
installcore,1360
trollav,1360
pcclient,1360
gamup,1358
lotok,1346
guloader,1338
murofet,1334
nanocore,1328
facido,1320
protux,1318
jeefo,1298
tofsee,1296
dorifel,1288
strictor,1286
blackv,1280
pyspy,1274
birddog,1264
kolab,1262
vidar,1260
softcnapp,1252
greedy,1238
dorshel,1222
polypatch,1218
penguish,1208
dcom,1198
uztuby,1198
xiang,1188
kasidet,1180
discordbot,1164
lodarat,1154
lunastorm,1154
tpyc,1146
yandex,1146
simbot,1138
cryptbot,1128
bundpil,1124
dealply,1122
worgtop,1122
cheatengine,1118
parite,1112
pemalform,1094
pushdo,1086
azvo,1076
ibank,1076
dynara,1072
drivload,1066
bodelph,1050
tinba,1036
ludicrouz,1036
asyncrat,1032
msposer,1030
leadlabs,1026
tepfer,1016
cayunamer,1010
rubinurd,1008
pcacceleratepro,1002
kmsauto,1002
shlem,994
crealstealer,992
qihoo360,992
dlass,990
stelpak,990
multiplug,980
poisonivy,972
xworm,966
manbat,964
connectwise,954
pcappstore,946
hidmar,946
pony,936
nevereg,934
sonbokli,932
formbook,928
ludbaruma,928
teslacrypt,924
lightmoon,922
schoolgirl,908
icloader,908
qhost,904
spyvoltar,902
wannacry,900
shifu,850
nsismod,850
heracles,850
cordimik,848
quantloader,838
nemesis,838
vbclone,834
snojan,832
lockbit,830
phorpiex,828
brontok,822
quasar,818
tencent,808
kelios,808
zard,808
darkcrystal,796
havoc,796
modiloader,790
miscx,790
chir,788
oceanlotus,788
vulndriver,784
airadinstaller,780
ursnif,776
pidgeon,774
malex,774
almanahe,764
feccea6a,760
pykspa,758
sillyfdc,736
gofot,730
cridex,724
qbot,722
blankgrabber,718
legmir,716
andariel,714
vigorf,710
lazagne,704
goft,688
utorrent,688
opencandy,682
gamini,680
kudj,678
ibashade,678
ghostrat,674
bifrose,674
advertload,672
privateloader,666
magania,662
fakecert,662
genie,654
convertad,652
fastreverseproxy,650
baidusearch,650
xegumumune,650
bumblebee,642
bingoml,638
remsim,632
opener,626
silverfox,626
hiamoe,614
ldpinch,610
browsefox,608
kolovorot,602
hackkms,598
bobik,596
pitou,594
fakens,590
corewarrior,590
cryrar,586
xanfpezes,586
yahos,584
virtumonde,582
relevantknowledge,578
mewsspy,574
clyp,574
cryptowall,566
zapchast,564
crysan,564
veryfast,562
dbadur,562
bestafera,556
burden,556
7zip,554
cycler,552
nymaim,546
danabot,546
dedok,546
kuaizip,544
offercore,544
ousaban,544
sliver,544
rhadamanthys,542
lunalogger,540
lummac,540
niktol,534
cryptnot,532
bqcb,526
installmonster,522
mbrlock,522
disgrab,514
conduit,512
staser,506
fakefire,506
bodegun,504
dumpex,504
amsietwpatch,502
cycbot,500
pasta,496
vrbrothers,496
webcompanion,492
famalis,492
necurs,490
eris,488
azorult,484
evdh,482
alyak,480
madangel,478
debrisb,474
lunam,474
blackhole,472
bccrypt,472
domaiq,466
procpatcher,466
maener,464
rifdoor,464
banbra,464
raccoonstealer,464
balrok,462
yephiler,458
tvspy,456
malicord,454
wecod,452
softpulse,452
dnschange,450
spyeye,448
lazzzy,446
agobot,444
downer,444
azovwiper,442
shenzhen,442
lockergoga,440
keydoor,440
reqoffer,436
bsymem,434
netloader,434
revil,434
buzus,432
baidence,432
crossrider,426
cstealer,426
morgancatering,426
fkjse,426
creprote,424
mysticstealer,424
mufila,420
memery,420
drmsoft,418
whisperer,416
snovir,414
sdbot,412
tdss,412
silentall,410
kuaiba,410
blackmatter,410
doenerium,408
kysler,408
bropass,408
growtopia,406
xolxo,406
botgor,406
fakerean,404
bayrob,404
sisron,402
gigex,402
boxter,396
reverse64,392
jalapeno,390
locky,390
avrora,386
stantinko,386
renos,384
adpack,384
meshagent,382
uztub,382
extinstaller,378
polarwind,378
pondfull,376
sohanad,376
bjlog,376
sfuzuan,374
lolbas,374
bflient,372
lokibot,370
beaugrit,368
mepaow,366
ccminer,366
pacex,364
mekotio,362
disguisedxmrigminer,362
funshion,360
vigua,358
banito,358
cheathappens,358
pistolar,356
spyrix,356
systemrequirementslab,352
wews87,352
ulises,352
maximus,350
xorist,350
cryptonote,350
hworld,350
netmail,350
mimail,348
olext,346
iobit,344
vulgar,342
neconyd,340
filepatcher,338
seraph,336
ausiv,334
dinvoke,334
silentcryptominer,334
autinject,334
blackmon,332
downloadsponsor,330
stelega,330
kingsoft,328
etset,326
leonem,326
flysfx,326
scrop,326
hitbrovi,322
keyiso,322
winvnc,320
lummac2,320
vittalia,318
icedid,314
remoteutilities,306
ibryte,306
maombi,304
weenloc,302
malgo,300
bloored,300
istartsurf,298
syncopate,296
crypmodadv,296
kiosk,296
cometer,294
nimda,292
hosts,292
injectorcrypt,290
plyromt,290
wavipeg,288
schoolboy,288
morefi,288
sivis,288
orbus,286
antzip,286
azero,284
pupstudio,282
johnnie,280
nilage,280
yebao,276
pornoblocker,276
lydra,276
mufanom,274
polip,274
umbald,270
taskun,270
trojanevader,270
kdmapper,270
imestartup,268
loadmoney,268
gootkit,268
rungbu,268
dndownloader,266
detplock,266
tufik,262
adduser,262
buterat,262
sleepobf,262
blackenergy,262
coroxy,260
genkryptikagen,260
extgen,258
vkontaktedj,258
ngrbot,258
bancos,258
daserf,256
playanext,256
wajam,256
snakekeylogger,256
ropproof,254
equationdrug,254
basix,252
drolnux,252
trueupdate,252
ruledor,252
numando,250
dizemp,248
kerneldrutil,248
milam,246
skillis,244
whiteice,244
dbsrat,244
1clickdownload,244
sillyp2p,244
lodbak,244
cryptran,242
systweak,240
netsupport,238
inbox,238
iboz,238
stihat,236
qqten,234
softonic,234
lycaon,232
hidinstsfx,232
casino,232
multiplier,232
autorunner,232
chifrax,232
darkeye,230
ndaof,230
r77rootkit,230
peed,228
cryptagent,228
avanquest,228
premine,226
moleboxvs,226
sasfis,224
betload,224
meredrop,224
blackshades,222
2144flashplayer,222
exnet,220
installrex,220
chindo,218
hero,218
fraudpack,216
pyarmid,216
archsms,212
unidl,212
mercurial,212
cheburgen,210
hwidchanger,210
cossta,210
trojannukesped,208
pikabot,208
purityscan,208
darkgate,208
amonetize,208
dharma,208
downloadassistant,206
msetup,206
neojit,206
xiaoba,206
krunchy,204
zlob,204
kegotip,204
fadok,204
vbinder,204
weiduan,202
sysdupate,202
ultravnc,202
cosmicduke,202
pemtaka,200
witch,200
minix,198
induc,198
lebreat,196
ader,196
dphe,196
refroso,194
asparnet,194
chisel,194
hostschanger,192
uacme,192
shutdown,192
loudoffer,190
powersploit,188
processhacker,188
titirez,188
oficla,188
comame,188
meterpreterreverseshell,188
vimditator,186
cymulate,186
prochack,186
injectoragen,186
wenper,186
empyr,186
windivert,186
crypmodng,186
avemaria,186
fscan,186
dorgam,184
kate,184
bancteian,184
rshell,184
senta,184
conti,182
downloadguide,182
killdisk,182
zenpack,180
exent,180
packunwan,180
futu,180
wisecleaner,180
game850,180
povertel,180
mailru,178
bumat,176
gcleaner,176
bitmin,176
pcspeedcat,176
rustdesk,176
exnuma,176
metamorfo,174
turkojan,172
stormser,172
dnoper,170
baidu,170
blind,170
zonidel,170
prorat,168
cryptexe,168
citeary,168
brresmon,168
outbrowse,168
testsample,166
weecnaw,166
microfake,166
rdpwrap,166
mone,166
zgrat,164
superthreat,164
taranis,162
surubat,162
meduzastealer,162
jaiko,162
speedbit,162
hider,162
firseria,162
winwebsec,162
duba,162
hackav,160
crytex,160
qiyi,160
eclz,160
sisproc,160
killwin,160
fabookie,160
atbot,160
dotsetupio,158
abransom,158
dstudio,158
gooxion,158
gasti,158
knigsfot,156
disdroth,156
agentcrypt,156
zitirez,154
yahoopass,154
alkhaser,154
exceldna,154
cpuminer,152
slimware,152
gimemo,152
auslogics,152
yoddos,152
mybot,152
forkbomb,152
zitirezc,152
hotkeychick,150
roshtyak,150
chinad,150
esfury,150
cryptic,150
yomal,148
sbadur,148
virbox,148
pluto,148
connectscreen,148
ogneglazka,148
eorezo,148
systex,148
pardona,146
dorkbot,146
zuhaowan,146
crypren,146
nircmd,144
musecador,144
linkury,144
allesgreh,144
miancha,144
gotango,142
autorunvb,142
agentbypass,140
killall,140
netsky,140
dcstl,140
qjwmonkey,140
puamson,138
satacom,138
telebot,138
invader,138
leivion,138
wsgame,138
magniber,138
crawler,138
seznam,136
cleanlog,136
kanav,136
bundled,136
carberp,136
perion,136
bredolab,136
vague,136
addlyrics,134
sogou,134
bandra,134
medusalocker,134
kraddare,134
pomal,134
kuping,134
acapulco,134
vbautorun,134
electraworkslimited,132
rhadamanthus,132
netwire,132
pigeon,132
cryxos,132
badiis,132
zdengo,130
turtleloader,130
disfa,130
4dots,130
ludashi,130
netcat,130
kuwo,130
rostpay,130
nukesped,128
downloadadmin,128
vemply,128
xtreme,128
cjishu,128
wipass,128
lulusoftware,128
shellcodeloader,128
prometheus,126
spygate,126
hioles,126
freeze,126
tacticalrmm,126
yahlover,126
keniu,126
stoned,126
speedingupmypc,126
lovgate,124
psexec,124
mediaget,124
slenfbot,124
targetcompany,124
antis,124
ngrok,124
cinmus,122
klone,122
latot,122
darkcloud,122
skintrim,122
infostealerzeus,122
skeeeyah,122
guanbi,122
amsibypass,122
winactivator,122
silentinstallbuilder,120
minipages,120
umbra,120
titanstealer,120
dotnetguard,120
morstar,120
debris,120
auitinj,120
adwind,120
support,120
eyoorun,118
exelastealer,118
tonmye,118
shutdowner,118
sinresby,118
geegly,118
yanismastealer,118
luder,118
rugond,118
protect,118
bagarbubba,118
telegrambot,116
purelogstealer,116
guagua,116
searchsuite,116
roxer,116
lotoor,114
birich,114
streamer,114
powerrun,114
elevate,114
fastrek,114
loderka,114
yuner,114
bearfoos,114
zloader,114
rebhip,114
cloudm,112
shellreg,112
malheur,112
seheq,112
rootgenius,112
pyob,112
ardamax,112
fitin,112
ducktail,112
gamevance,112
youxun,112
pariham,110
injeber,110
tainp,110
portstarter,110
openinstall,110
zygug,110
phobos,110
minipopups,110
instructions,108
meduza,108
gtbot,108
scrambler,108
ronkor,108
smalltrojan,108
ddosia,108
goagent,108
akira,108
juicypotato,108
torvil,106
netfilter,106
msetupdownloader,106
powedon,106
systemsecurity,106
kutaki,106
tnaket,106
ipguard,106
nuwar,106
dadobra,106
mindspark,106
supershell,104
crysant,104
packy,104
malcrack,104
psixbot,104
somoto,104
cyberpss,104
nuqel,102
ponteiro,102
injectnet,102
poolinject,102
fileless,102
jatif,102
temcac,102
mekoban,102
dragonmess,102
frethoq,100
gobitloader,100
nystprac,100
startun,100
rustregion,100
asktoolbar,100
marsilia,100
chinbo,100
suschil,100
rookcrypt,100
batavprockill,100
contebrew,100
shhhload,100
uniblue,100
bitser,100
orsam,100
sdbvg,98
gomal,98
montp,98
babonock,98
ammyy,98
whispergate,98
metla,98
siscos,98
bicololo,98
pantera,98
helloxd,98
dybalom,98
denes,98
reversessh,96
hudun,96
cryakl,96
taily,96
dlsponsor,96
xyligan,96
fakems,96
ramses,96
offerpack,96
scriptkd,96
spynoon,96
gamecrack,96
powerspider,96
selfish,96
fosniw,96
popwin,94
myrecover,94
datastealer,94
tibia,94
mikroceen,94
timbrestealer,94
oberal,94
tflower,94
maldrv,94
pcshare,94
uwamson,94
ruanmei,94
cyns,92
lsassdumper,92
vxlang,92
kovter,92
netbox,92
hploki,92
solimba,92
expressdownloader,92
quackbot,92
reimagerepair,90
bogent,90
shadowbrokers,90
mediaarena,90
netpass,90
dursg,90
pswbjlog,90
youtubedownloaderguru,90
ghoul,90
sagent,90
murlo,90
mindlated,90
pycoon,90
bazar,90
beijing,90
installmonetizer,88
systemtool,88
ultrareach,88
monivisor,88
filetour,88
barrio,88
pcaccelerator,88
cleversort,88
ffrat,88
smwnd,88
funlove,88
conjar,88
multikey,88
buer,88
revetrat,88
gendal,86
vools,86
nemty,86
2345explorer,86
mocrt,86
zenosearch,86
smallagent,86
shellter,86
lipler,86
cozyduke,86
nivdort,86
discostealer,86
driverreviver,84
steam,84
fearso,84
bicone,84
cleanuploader,84
dothetuk,84
trainer,84
snoload,84
mutabaha,84
4shared,84
pwsime,84
blackbone,84
suspect,84
hooker,84
phoenix,82
exescript,82
mywebsearch,82
qqhack,82
yobdam,82
tongbuxing,82
goodbyedpi,82
dlhelper,82
csdimonetize,82
laqma,82
phantomnet,80
bruteratel,80
nosok,80
vapsup,80
koutodoor,80
drvsky,80
zeuspanda,80
goodpic,80
systroj,80
valcaryx,80
ircbrute,80
midgare,80
nimplant,80
systemmod,80
ming,80
printspoofer,78
dibik,78
soft32downloader,78
pincher,78
redosdru,78
prosti,78
morphine,78
tesre,78
gobot,78
garvi,78
pintu,78
7ev3n,78
iyeclore,76
autoitgenome,76
udochka,76
chromepyjacker,76
inegery,76
sirefef,76
rekvex,76
popuper,76
cmy3u,76
yunsip,76
tmpnstealer,76
letsvpn,76
kuzitui,76
hidecon,76
batch,76
mapstosteal,76
badupdate,76
taobao,76
offend,76
ligolo,74
warezov,74
babadeda,74
derdero,74
huigezi,74
refinka,74
rundis,74
rarog,74
rodico,74
dlassistant,74
alawar,74
staffcop,74
impacket,74
scrami,74
kegrelodr,74
lolopak,74
darkshell,72
lethic,72
anmalpro,72
urbanvpn,72
multiverze,72
adaebook,72
fakeie,72
uacbypassexp,72
neutrino,72
gamehuck,72
kugou,72
otfrem,72
masslogger,72
hoaki,72
ringq,72
bifroset,70
flashserv,70
defendercontrol,70
visionn,70
hidcon,70
hipak,70
darkvnc,70
mimic,70
spesr,70
drfarfar,70
kaiji,70
baru,70
geral,70
xploder,70
avgsecurebrowser,70
hacdef,70
yaiver,70
opensoftwareupdater,68
pucrpt,68
strat,68
davs,68
blackwidow,68
purora,68
defenseevasion,68
refog,68
trymedia,68
pophot,68
insassis,68
directdownloader,68
benban,68
kdutil,68
woool,68
uacbypass,68
yapo,68
virtumod,68
cryfile,68
teramind,68
webalta,68
registrydisabler,68
unusualasep,68
futurax,68
suriv,68
jacard,68
gofing,66
tyuyan,66
pancar,66
spybanker,66
petya,66
ranapama,66
adnur,66
lilith,66
cymulion,66
chistilka,66
adanti,66
nemucod,66
kranet,66
tremp,66
meretam,66
allegato,66
suloc,66
veriato,64
adsearch,64
autoitshellinj,64
adgazelle,64
dakkatoni,64
alisa,64
glaryutilities,64
krysh,64
slugin,64
javali,64
savenow,64
ridnu,64
xorer,64
brutel,64
hafen,64
merlin,64
ransomhub,64
werly,64
deceptpcclean,64
screenconnect,62
suspiciouspacker,62
adkor,62
remotemanipulator,62
888rat,62
instantaccess,62
myplaycity,62
zmem,62
harnig,62
imwee,62
socks5systemz,62
mostofate,62
taskdisabler,62
ainslot,62
conteban,62
hpdefender,62
begseabug,62
zylom,60
rimod,60
babuk,60
banload2,60
purecrypt,60
rimecud,60
istbar,60
moarider,60
imali,60
xeelyak,60
redaman,60
shade,60
zeroaccess,60
moleboxultra,60
broskod,60
brsecmon,60
pwdump,60
kryptex,60
gt32supportgeeks,60
snakelogger,60
filesponger,60
chepro,58
yandexbundled,58
securashield,58
gomlab,58
miep,58
lunagrabber,58
krepper,58
cloudnotepad,58
mingloa,58
koala,58
mobogenie,58
bang5mai,58
pasnaino,58
bianlian,58
hofosoft,58
pythonpacked,58
installbrain,58
poisonplug,56
shikataganai,56
webmoner,56
optimizerpro,56
primarypass,56
blackbasta,56
dreidel,56
metastealer,56
zilix,56
gamsoft,56
stralo,56
somhoveran,56
broext,56
reposfxg,56
poshc2,56
browserassistant,56
vkhost,56
vopak,56
rising,56
zkarletflash,56
woozlist,56
throwback,56
imps,56
adlice,56
dnguard,56
trickpak,56
phishbank,54
aheadlib,54
reveton,54
gidis,54
cayen,54
pecancer,54
copperhedge,54
iboysoft,54
riodrv,54
kbot,54
kegtap,54
flysky,54
onescan,54
bunitu,54
acetools,54
sysin,54
tevirat,54
adrozek,54
3proxy,54
haperlock,54
stopnrop,54
activitymonitor,54
stowaway,52
hacktoolkms,52
pavica,52
h2opartener,52
hdmr,52
winwrapper,52
pikorms,52
meinhudong,52
gominer,52
fcetaoal,52
losfondup,52
dexel,52
havex,52
bacalid,52
bertle,52
gupdate,52
liondoor,52
adposhel,52
matanbuchus,52
boxedapp,52
spatet,52
malloader,52
donutloader,52
korad,52
drivergenius,52
doris,52
kipodtoolscby,52
pynamer,50
hory,50
ranumbot,50
remtasu,50
atros7,50
umbralstealer,50
hongdawanfang,50
jobutyve,50
segurazo,50
mamson,50
hlux,50
shandagames,50
vaklik,50
ramsay,50
blackcat,50
abobus,50
mimaila,50
fakesec,50
orcusrat,50
c4rat,50
darkside,50
duote,50
tinynuke,50
httpbot,50
suspexecrep,48
qshell,48
hive,48
hydracrypt,48
minerva,48
lightstone,48
campaignz,48
lockdir,48
chydo,48
dycler,48
ascentive,48
ahrun,48
xiazai,48
stercogs,48
gamech,48
adrepack,48
kimsuky,48
recam,48
rovnix,48
babylon,48
plemood,48
diacam,48
loring,48
tasos,48
tenga,48
pscrypt,48
yongyufeed,48
smartfortress2012,48
morto,48
haofeng,48
windef,48
ytdownloader,48
ardurk,48
zadved,48
cobra,48
dostre,48
gameserver,46
tidebypass,46
mapper,46
bucaspys,46
adaware,46
yantai,46
execit,46
polycrypt,46
ehdevel,46
defeatdefend,46
sprotector,46
rincux2,46
runarg,46
diplugem,46
trigona,46
carrier,46
phemedrone,46
adbape,46
weidie,46
bazarldr,46
innovativeconnecting,46
linkular,46
cnsmin,46
securitytool,46
conrox,46
ppfull,46
boaxxe,46
fakeime,46
snocry,46
baofeng,46
hellokitty,46
reverseturtle,46
latrodectus,46
lockscr,44
dupzom,44
zxshell,44
desktopmania,44
drivertalent,44
pokki,44
maran,44
easeus,44
netscanner,44
freegate,44
hiddenbee,44
ashify,44
purelogs,44
alevaul,44
deltree,44
commandcam,44
predator,44
htran,44
lockfile,44
incransom,44
remcom,44
diamin,44
hover,44
cerna,44
nanodump,44
jenxcus,44
ligooc,44
fullscreen,44
pskill,44
blacklotus,44
walivun,44
ferro,44
sestealer,44
tortool,44
tinyloader,44
pef13c,44
texel,44
velodrag,44
extremerat,44
asprox,44
visicom,42
miniduke,42
ceckno,42
suspiciousprocstarter,42
mustangpanda,42
ipamorc,42
knight,42
minprys,42
remoh,42
youku,42
variadic,42
adwrapper,42
pecloak,42
shellloader,42
prometei,42
estiwir,42
makop,42
dragonbosssolutions,42
sufrar,42
doplik,42
nitrogen,42
dealalpha,42
tahao,42
classroomspy,42
zvuzona,42
detroie,42
woner,42
winmaster,42
installmetrix,42
xylauncher,42
hpfareit,42
purplefox,42
pdfxd,42
svcminer,42
soulclose,40
wanbag,40
loregun,40
nieguide,40
dnscat2,40
ltlogger,40
inversedshelma,40
kiser,40
minitool,40
comisproc,40
cekar,40
vosteran,40
fakeransom,40
medfos,40
goback,40
feiq,40
rustypita,40
tftpd32,40
evasion,40
azbreg,40
tompai,40
gamepsw,40
ezula,40
bluteal,40
nsudo,40
eszjuxuan,40
frethog,40
yapt,40
provis,40
recoverkeys,40
optix,40
perfect,40
vercuser,40
ekisoli,40
ushendu,40
discsoft,40
ttprotect,40
stonedrill,40
pcfixer,40
basine,40
shakat,38
globeimposter,38
toptools,38
freemake,38
shandaadd,38
cyrus,38
droma,38
rrvr67pid,38
clientconnect,38
winloader,38
anydatarecovery,38
enestedel,38
tracx,38
ekocit,38
athenago,38
dllhijacking,38
wemosis,38
gh0st,38
dotsetup,38
shasoli,38
koobface,38
bundlore,38
typic,38
kladun,38
fatalrat,38
koiloader,38
khaosz,38
vybab,38
psrunner,38
spigot,38
asruex,38
corebot,38
tcpscan,38
mediamagnet,38
edeals,38
protected,38
cyclun,38
morblish,38
stimilina,38
xenorat,38
screenmate,36
avbdiscsoft,36
trojanexpiro,36
miscspy,36
injdll,36
downloadware,36
blacksuit,36
vadokrist,36
raktu,36
ymeta,36
xiaoxiong,36
ragnarlocker,36
fusing,36
oexsi,36
stealerium,36
ransomrevil,36
timesink,36
gonana,36
monder,36
lucastealer,36
microjoin,36
freyja,36
dakedam,36
sheloader,36
hexzone,36
zaphal,36
adaptivebee,36
loup,36
darksprotector,36
toffus,36
vipspace,36
hideexec,36
dodiw,36
extenbro,36
gapro,36
langsu,36
silby,36
mofngoloader,36
certutil,36
cryptonight,36
clearfake,36
hangvote,36
dpapi,36
kufgal,36
soulsearcher,36
shopperz,36
pochi,36
ytddownloader,36
sohuva,36
urausy,36
injectpyinc,34
bamital,34
wanex,34
mediafinder,34
wsearch,34
gign,34
vuldriver,34
exceladdin,34
dungcoi,34
hijackloader,34
explorerpatcher,34
gippers,34
feedel,34
pspawn,34
waledac,34
lameupdater,34
ransomsnatch,34
bagle,34
searchbar,34
fourthrem,34
magictools,34
dotransom,34
faketool,34
rootrat,34
crysen,34
phantomcore,34
gipy,34
regcleanpro,34
hilgild,34
rustystealer,34
megasearch,34
joiner,34
credentialflusher,34
benjamin,34
pcclient2,34
genun,34
ipamore,34
sckeylog,34
dialupass,34
vbinjector,34
bachkhoa,34
smartfortress,34
powerun,34
nekill,34
prcview,34
vanbot,32
srbminer,32
kriz,32
delsettings,32
confuser,32
comei,32
catalina,32
ranpax,32
protectorenigma,32
opendownloadmanager,32
mintluks,32
capredeam,32
lyposit,32
seodec,32
ursap,32
hawkeye,32
venomrat,32
dexter,32
torntv,32
grandsteal,32
crytes,32
ufrstealer,32
zedopoo,32
squidloader,32
qilin,32
couponarificads,32
bytefence,32
digitalpulse,32
edrstealer,32
golem,32
leopard,32
timer,32
decay,32
bnkmr,32
hteibook,32
searchprotect,32
echoac,32
clonium,32
dyre,32
qqhelper,32
lokilocker,32
syswhispers,32
bomber,32
crypminal,32
rodecap,32
cognosads,30
comhijacking,30
rastarby,30
shella,30
securityxploded,30
tgbot,30
widgi,30
evader,30
edrsandblast,30
mousedisable,30
foxprotector,30
911s5,30
multibar,30
glarysoft,30
kidney,30
cylancrypt,30
qulab,30
revenge,30
shylock,30
spora,30
marsstealer,30
nscauth,30
sixer,30
agentino,30
rakhni,30
jimmy,30
zmrili,30
nullmixer,30
menacer,30
gamebox,30
acapaladat,30
pornlnk,30
vbmod,30
dotdo,30
beasty,30
adwapper,30
mamut,30
vipdataend,30
zlugin,30
clipspy,30
bplug,30
flashkiller,30
gorat,30
ranky,30
tianyan,30
shouqu,30
gregcent,30
atosev,30
urlbot,30
recyl,30
snatch,30
cabres,30
atros2,30
riccietex,30
screenshoter,28
servhelper,28
shellexec,28
naprat,28
ggcode,28
donbot,28
clop,28
macoute,28
ciadoor,28
tpykaka,28
vigram,28
carbanak,28
gemius,28
jakuz,28
peals,28
karagany,28
fignya,28
007spysoft,28
nucrp,28
rotinom,28
sbyinying,28
kilonepag,28
chekafev,28
doppelpaymer,28
winrar,28
cryptinjector,28
mumawow,28
warzone,28
democry,28
trojanbackstab,28
threadlessinj,28
donglehack,28
mirai,28
zippyloader,28
bindex,28
netscan,28
pullupdate,28
webdialer,28
backdoorcobaltstr,28
bandook,28
opanki,28
vanilloader,28
limerat,28
ponmocup,28
tupym,28
lirva,28
lurk,28
widdit,28
linkun,28
losabel,28
teruten,28
icbundler,28
neospy,28
pahooka,28
spambot,28
bitgoloader,28
browseban,28
lidared,28
crypt0l0cker,26
sefnit,26
heliosbinder,26
mpcrow,26
wallpaperseveryday,26
cmst,26
jsprat,26
autoinject,26
hiloti,26
mozla,26
bitrepeyp,26
herpaderping,26
virledi,26
cdnhelper,26
gamecheat,26
shamoon,26
webwatcher,26
i2pd,26
sybici,26
appster,26
dawin,26
zango,26
fakemsapp,26
chimera,26
proyecto,26
ghokswa,26
spynet,26
trojanwinnti,26
arhost,26
cloverplus,26
vemptik,26
gemj,26
goobzo,26
ellell,26
angryipscan,26
indiloadz,26
vbiframe,26
rcshell,26
ccproxy,26
oxynoxy,26
efiguard,26
faker,26
ransombianlian,26
ultrasurf,26
kolilks,26
druid,26
simay,26
piratesobf,26
koyote,26
oxypumper,26
sweetlabs,26
vusbbus,26
smbagent,26
blackhunt,26
rshot,26
vawtrak,26
reloaded,26
allsoftpad,26
brvmon,26
dunik,26
irplan,26
cactus,26
madeba,26
pinchloader,26
tbkhijack,26
aureate,26
solvusoft,26
trafog,26
rabur,24
razrusheniye,24
reincarnation,24
systemhijack,24
osmonitor,24
subseven,24
suspiciouscode,24
lednur,24
fakechrome,24
caldera,24
district,24
golly,24
qqshou,24
netzonenxd,24
airtel,24
sparkrat,24
perkiler,24
softperfectnetscan,24
winsecsrv,24
betterinternet,24
scarsi,24
medusastealer,24
comrerop,24
industroyer,24
aptluminousmoth,24
macri,24
sykipot,24
creal,24
extgpi,24
warmcookie,24
westbyte,24
xenocode,24
spector,24
infober,24
atros,24
godef,24
deshacop,24
mypcrun,24
couponmarvel,24
specialsearchoffer,24
sload,24
wdursint,24
effsoft,24
elemental,24
delfsnif,24
jusabli,24
fruit,24
kantu,24
trigonaransom,24
zipparch,24
dedipros,24
bombibom,24
povertystealer,24
hiddenstart,24
lapka,24
shark,24
innomod,24
kelihos,24
moss,24
hijack,24
amavaldo,24
midia,24
minikeylog,24
webhancer,24
vaporrage,24
femato,24
spytech,24
pcmega,24
hwatch,24
oneinstaller,24
wannaren,24
zeppelin,24
networkworm,24
themidapacked,24
zzslash,24
petitpotam,24
webprefix,24
magistr,24
perseus,24
productkey,22
servu,22
heavensgate,22
iminent,22
vabushky,22
bototer,22
vejoxi,22
detnat,22
teamviewer,22
trufip,22
dusvext,22
beastdoor,22
codiby,22
purecrypter,22
dnsamp,22
nitka,22
ceatrg,22
dupshirk,22
rikihaki,22
netwalker,22
imonetize,22
chewbacca,22
povstealer,22
cabby,22
nicehashminer,22
lezhuosoftware,22
bandit,22
anyplacecontrol,22
rancor,22
netlookoutadmin,22
rabio,22
bdsearch,22
desktop2345,22
rapidransomware,22
zariza,22
shellcoderunneragen,22
winloadsda,22
computrace,22
bazaarloader,22
kredoor,22
luajit,22
chachi,22
cloudbundle,22
runbooster,22
valleyrat,22
winblocker,22
taobho,22
pterodo,22
smolinks,22
pyfiledel,22
moneyinst,22
componentbased,22
strrat,22
aksula,22
mypcbackup,22
krocomain,22
mentalmentor,22
blusimul,22
retefe,22
jenix,22
luminatinetworks,22
wikiloader,22
blackbyte,22
cookiekatz,22
wigon,22
boberog,22
protonrat,22
nitrodll,22
shelcorid,22
caosoft,22
registryreviver,22
systemhealer,22
launcher,22
portscan,22
offergenerator,22
wavebrowser,22
gamedrop,22
smheist,22
miuref,20
toggle,20
superuser,20
yontoo,20
sillysharecopy,20
goldenspy,20
prifou,20
bagsu,20
multiinjector,20
rubeus,20
spyboter,20
ulthar,20
ematrixsoft,20
adject,20
hejie123,20
fraudo,20
toolkitoffers,20
cinkel,20
hiddentear,20
hancitor,20
coercedpotato,20
ryuk,20
tovkater,20
shellex,20
apher,20
prynt,20
hotkeyshook,20
balkandoor,20
playcrypt,20
hexzonet,20
poolspray,20
24x7help,20
hebchengjiu,20
onlineio,20
visel,20
vibem,20
shortcut,20
drowor,20
qaccel,20
crampes,20
repocket,20
faketrader,20
darkstealer,20
cofas,20
malvimprdrv,20
credstealer,20
malmaker,20
dragonbreath,20
lorek,20
kuaiwan,20
pdfcracker,20
mosucker,20
senpas,20
pchunter,20
yobrowser,20
thundernetworking,20
delpdldr,20
babbleloader,20
trojanuacbypass,20
xaparo,20
jaku,20
hashbreaker,20
tanatos,20
teambot,20
spymax,20
lunastealer,20
badspace,20
speedchecker,20
imminentmonitor,20
looper,20
fluxay,20
jpgiframe,20
veiledsignal,20
rathole,20
silentminer,20
nbtscan,20
powecod,20
akbot,20
idlebuddy,20
goldspy,20
eshoper,20
flexispy,20
passshow,20
smertransom,20
hreturnto,20
wootbot,20
masson,20
tenorshare,20
greenchrome,20
betabot,20
browhost,20
darkmoon,20
tinukebot,20
shurk,20
wannamine,20
maktub,20
coolmirage,20
nimbo,20
maxplus,20
csharpstreamer,20
detrahere,20
rootkitagent,20
gostresser,20
bitcomet,20
nisloder,20
maxpcsecure,20
computraceagent,20
penterware,18
batcloak,18
wirelesskeyview,18
mauricrypt,18
pycrypter,18
alina,18
paradoxrat,18
phires,18
marketscore,18
batdrop,18
serv,18
personalsheild,18
laplasclipper,18
splinter,18
sibrov,18
money,18
jras,18
dopping,18
younglotus,18
sksocket,18
pentera,18
mypis,18
masscan,18
cryptredol,18
ceekat,18
gorgon,18
hupigonp,18
buhtrap,18
peerfrag,18
bmmedia,18
bearcrypt,18
rozenaa,18
smartinstaller,18
lolminer,18
oliga,18
loveletter,18
paexec,18
amnesia,18
libie,18
empire,18
vkont,18
rukometa,18
killreg,18
ratty,18
roguepotato,18
filefinder,18
powerless,18
cmdow,18
urlzone,18
btkernel,18
vedio,18
vlogger,18
omaneat,18
powerspy,18
virusdoctor,18
stosek,18
backstab,18
clickmein,18
vbates,18
oyemac,18
wemon,18
snarasite,18
wpakill,18
goratio,18
matcash,18
larby,18
sbwatchman,18
oski,18
wstunnel,18
storup,18
perflogger,18
rarsfx,18
ranserkd,18
haocodes,18
bignox,18
xpan,18
shrejh,18
kaobeitu,18
mrak,18
cnnic,18
medialabs,18
raccrypt,18
nhopro,18
darkgalaxy,18
winnti,18
winshell,18
sunnydigits,18
keypz,18
formatc,18
spectre,18
pctuneup,18
exrand,18
sapbexts,18
prestige,18
disbuk,18
gendwnurl,18
socstealer,18
veilev,18
wizard,18
doublepulsar,18
uacsspi,18
puasson,18
nodefender,18
hidewindows,18
quickbatch,18
parazit,18
hupigon4,18
crypt888,18
overspy,18
medbot,18
steelfox,18
btcon,18
localtonet,18
pragma,18
gunex,18
lojax,18
winagir,18
haoheadlines,18
updane,18
wdjiange,18
petal,18
singu,18
dustysky,18
kgen,18
ydark,18
caesarshou,16
zwangi,16
outbreak,16
palibu,16
uploader,16
sys01,16
ripinip,16
inlog,16
blueh,16
supremebot,16
credentialsfileview,16
asper,16
messen,16
trollagent,16
rustagent,16
shellcodeinjector,16
pibee,16
frproxy,16
esaprof,16
hicosmea,16
diamondfox,16
spoofprnt,16
allinonekeylogger,16
pirminay,16
qilinloader,16
expstart,16
venomproxy,16
zxproxy,16
dizan,16
godzilla,16
chromecookiesview,16
autoinmalinjector,16
stuxnet,16
maoloa,16
zudochka,16
adjprog,16
383media,16
torloader,16
claretore,16
sorab,16
obit,16
heartcrypt,16
citadel,16
dcsyncer,16
kasinst,16
fakeflash,16
pbloader,16
virtualizer,16
bluesoft,16
toptoo,16
fakeinstaller,16
pstinb,16
tango,16
libix,16
htbot,16
nebuler,16
hakops,16
areses,16
mutopy,16
mepe,16
softninjas,16
formata,16
lingyunnet,16
jmail,16
onion,16
sidewinder,16
removeit,16
samsam,16
sisbot,16
xenarmor,16
onestep,16
disabled,16
terraloader,16
lampa,16
prince,16
expproc,16
instcap,16
webplugin,16
gloomane,16
therat,16
cryptedloader,16
babukagent,16
browsecx,16
huntersinternational,16
ghostbot,16
poolparty,16
darktortilla,16
trojanurelas,16
netbounce,16
popwnd,16
birele,16
dorando,16
aurun,16
nethief,16
traumazer0,16
febipos,16
androidunlocker,16
banld,16
coldfusion,16
spectorpro,16
xclient,16
eggdrop,16
goriadu,16
fakehack,16
multibanker,16
rizees,16
passdumper,16
kiangthi,16
obfdldr,16
scarlet,16
netspy,16
reflectivensa,16
dcomrpc,16
ytdvideodownload,16
krament,16
perkesh,16
morningsunbundler,16
vitruvian,16
killor,16
browsermule,16
solmyr,16
hiddenrun,16
chupik,16
fakesysdef,16
bechiros,16
bahma,16
stealthvector,14
morkus,14
bestcrypt,14
appinitdll,14
crat,14
coffloader,14
eicartest,14
fvvd,14
rhysida,14
rmtsvc,14
baidusobar,14
dumper,14
notpetya,14
baicai,14
danglo,14
cndownloader,14
morix,14
darkme,14
graviwa,14
k9pcu,14
hsnet,14
webbrowserpassview,14
vmpagent,14
psyme,14
qlowzones,14
injepe,14
killwifip,14
daxin,14
roxin,14
steamunlock,14
unwantedsig,14
goldun,14
crthrazy,14
zebrocy,14
deapax,14
shakti,14
fakemsn,14
popub,14
csfrsys,14
ancisoft,14
revsocks,14
lscpt,14
firstinj,14
ogimant,14
cobaltstrikebeacon,14
iroffer,14
godiscorder,14
sage,14
belarus,14
shelpak,14
zenapak,14
discordiaminer,14
darkvision,14
jailbreak,14
golroted,14
lightlogger,14
samdump,14
houdini,14
mozillacookiesview,14
invictastealer,14
softfire,14
wfpmod,14
sandsquarev,14
pennybee,14
dynamicwrapperx,14
betkrypt,14
valyria,14
elon,14
microbackdoor,14
nidhogg,14
spykeylogger,14
freenew,14
jadtree,14
techsnab,14
nighthawk,14
pupy,14
nohad,14
taskbarsystem,14
perfectdefender,14
foxypeer,14
alipay,14
batz,14
wovdnut,14
hicrazyk,14
cheetah,14
salityu,14
tetanus,14
arkei,14
martey,14
batchdrop,14
onekit,14
bettersurf,14
logsnif,14
mosquito,14
downeks,14
novastealer,14
rpchook,14
powshba,14
enmity,14
sllg,14
poweliks,14
crypzip,14
proagent,14
raspberryrobin,14
mupad,14
xetapp,14
sonya,14
quervar,14
casinorandlogic,14
pckeeper,14
dropr,14
staem,14
filezilla,14
outsurf,14
zeropi,14
quarkspwdump,14
hexon,14
agenttb,14
lowzones,14
accphish,14
sperolz,14
windowskernelexplorer,14
coloruac,14
sogouload,14
tdsspack,14
mongoose,14
qqrobber,14
softobase,14
defenderdisabler,14
bsdownloader,14
enablesoft,14
doomne,14
slowpcfighter,14
kirts,14
rufis,14
neksminer,14
flowwind,14
mispadu,14
securityshield,14
sfydg,14
rkproc,14
gamblock,14
zombaque,14
rpoly,14
cainabel,14
milicry,14
snobar,14
conavgent,14
pcspeedup,14
dyxsoft,14
chiviper,14
bundleloader,14
zurgop,14
tscreds,14
unlocker,14
zomon,14
chistudi,14
winlocker,14
pcreviver,14
allegatorat,14
falco,14
ilcrypt,14
pwsstealer,14
losicoa,14
brolocker,14
fsautcik,14
c2lop,14
xorala,14
navexcel,14
infatica,14
leiocephal,14
royalransom,14
navipromo,14
montiera,14
yxdown,14
epicgames,12
dirtycow,12
helpxsite,12
prizona,12
echelon,12
gduu,12
goldmax,12
bangol,12
nsisagent,12
hmblocker,12
installflash,12
mahato,12
zenapk,12
busky,12
onlinegames4,12
rarmal,12
greener,12
ghostsocks,12
jester,12
rusdoog,12
rusthound,12
inpat,12
cydoor,12
picokms,12
conime,12
boran,12
admoke,12
midhos,12
adplugin,12
consoler,12
ascora,12
sdprotector,12
snailresin,12
killxp,12
vehidis,12
excalibur,12
youdao,12
ticno,12
cmjspy,12
arcadeparlor,12
scano,12
smupdate,12
driverdevelop,12
installermonetizer,12
rebhipb,12
shoder,12
honret,12
nanocode,12
yabector,12
nekto,12
mdefender,12
rubar,12
amosodia,12
atlas,12
damkrupo,12
hakaglan,12
trojannitol,12
xbot,12
lynxransom,12
maskvpn,12
henbang,12
ppldump,12
myss,12
delwin,12
natbypass,12
zerobot,12
aiqiya,12
localpotato,12
curdecalc,12
aurora,12
sufbotool,12
aikaantivm,12
shizpusik,12
adseo,12
gotohttp,12
vasal,12
conhook,12
mloki,12
phil,12
whchenxiang,12
zharkbot,12
vbdldr,12
swjoy,12
linkzb,12
bsodsim,12
hotdownloads,12
wizzmonetize,12
maker,12
victy,12
bredavi,12
tishop,12
xenon,12
f1organizer,12
ocean,12
ghostpwd,12
sarwent,12
atros4,12
rays,12
updatestar,12
gokrypt,12
silon,12
kadrbot,12
avaddon,12
nagram,12
artifact64,12
tweakbit,12
altnet,12
minimal,12
activitymon,12
sheller,12
vega,12
phider,12
scatter,12
websx,12
banloa,12
dirtymoe,12
cmder,12
discordstealer,12
fleercivet,12
sectoprat,12
fgarb,12
bargainbuddy,12
inffinity,12
gabpath,12
diser,12
wmrat,12
gudra,12
xiaohao,12
sakurel,12
sunlogin,12
startpa,12
atros5,12
slimftpd,12
xscan,12
atillk,12
ijypy,12
clampi,12
rmspy,12
liuliangbao,12
wmfap,12
pricegong,12
elzob,12
fraudster,12
coolvidoor,12
xpantivirus,12
winexe,12
rtkit,12
piratestealer,12
godei,12
vidro,12
adsunwan,12
cryptxxx,12
wnetwatcher,12
jamg,12
alottoolbar,12
vdsbzm,12
lanzouh,12
seimon,12
macros,12
tftpd,12
antavka,12
deerstealer,12
cardtool,12
gatak,12
smartapps,12
cybervolk,12
wiliky,12
winspy,12
cinoshi,12
regsup,12
ssload,12
urlblazer,12
dcontrol,12
bxrat,12
poebot,12
emerleox,12
peace,12
zeleffo,12
adddrop,10
exchanger,10
olaunch,10
cryptoshuffler,10
netshrink,10
installcapital,10
complitly,10
hefeiticuo,10
nucleroot,10
aurorastealer,10
infostealerstealc,10
skyload,10
speedticking,10
scramfly,10
sealrootkit,10
wangy,10
goredir,10
qadars,10
anonymousrat,10
jatommy,10
turtlesimple,10
rorschach,10
gacrux,10
skybag,10
pcbooster,10
l0phtcrack,10
vkontakte,10
fiestaek,10
mosucke,10
electrorat,10
cenjonsla,10
ldapnomnom,10
radrat,10
pameseg,10
lover,10
ospack,10
epsilonstealer,10
elevator,10
rtkdl,10
cr173,10
subtirat,10
gadu,10
gameloader,10
shafmia,10
lustsol,10
celofot,10
sushi,10
netsnake,10
khit,10
avoslocker,10
appwork,10
formatall,10
pbot,10
coreshell,10
games,10
vktools,10
battamper,10
franvir,10
ikeylogger,10
offerswizard,10
suweezy,10
oysterloader,10
flawedgrace,10
genavm,10
whenu,10
noescape,10
imponex,10
bloody,10
tweaker,10
sfware,10
safebytes,10
stormkitty,10
joydownloader,10
refpron,10
dozmot,10
ratnet,10
mole,10
hagrid,10
almana,10
proratp,10
taobatuo,10
rapidstop,10
assystnotes,10
falcoware,10
freerdp,10
electryon,10
lemonduck,10
spyder,10
tipal,10
uacskip,10
suspic,10
driverturbo,10
stealegram,10
hook,10
tsingsoft,10
advpctweak,10
pelock,10
renocide,10
ezoons,10
webnavigator,10
somefool,10
fakevimes,10
popureb,10
pirrit,10
ransomblackbyte,10
durchina,10
allakoreremote,10
mountlocker,10
ramdo,10
eugenloader,10
shadow,10
winage,10
special,10
xyrella,10
plapon,10
canbis,10
gibi,10
prast,10
suspicioustaskmanipulation,10
dealfa,10
sniffpass,10
popupper,10
ottol,10
buptenda,10
ultradownloads,10
estapa,10
avron,10
krasnoglaz,10
teslarvng,10
softethervpn,10
firefox,10
dyfuca,10
dropback,10
hometab,10
perfectautomation,10
flashi,10
schwarzesonne,10
goclr,10
wipersoft,10
vampiro,10
jakyllhyde,10
delfpay,10
piker,10
iobitunlocker,10
qqfish,10
shellstartup,10
pcclean,10
anomaly,10
mine,10
agamida,10
trojancobalt,10
zortob,10
stanit,10
hermes,10
adhubllka,10
salgoreae,10
bravura,10
xvidly,10
ruberoid,10
bezigate,10
netcut,10
scarab,10
bo2k,10
komodia,10
shieldapps,10
blacklockbit,10
livesecurity,10
privitize,10
zerocleare,10
myway,10
dnsbirthday,10
whitesnake,10
psikomi,10
genfakecert,10
pypykatz,10
almalocker,10
jqbl,10
rorpian,10
dllrepair,10
qsetup,10
delflash,10
impersonator,10
glukelira,10
hookchain,10
gabba,10
bandoom,10
trone,10
wowlik,10
toauta,10
ejik,10
wdfload,10
surveyer,10
delall,10
vanti,10
dwonk,10
donutinjector,10
jaiks,10
houndhack,10
taches,10
folcom,10
walerlop,10
biodata,10
weelsof,10
mixor,10
msflod,10
ertfor,10
godonlod,10
pcclientt,10
dllkitster,10
pigsearch,10
hebogo,10
kelebek,10
wincred,10
insassist,10
qover,10
absentprops,10
horsum,10
musin,10
credump,10
baraklo,10
carambis,10
loaderfirst,10
brambul,10
doser,10
gdrvloader,10
frosparf,10
trickgate,8
troll,8
hpkhalesi,8
trapstealer,8
wbvb,8
renum,8
drostuh,8
tearspear,8
silentexec,8
bobax,8
sideloading,8
dropbat,8
keke,8
silentoffer,8
portableappz,8
agentvoltar,8
tenpeq,8
fickerstealer,8
iepassview,8
bighead,8
newweb,8
astralocker,8
sifre,8
vhorse,8
proxynation,8
shellrdi,8
systemcall,8
anyprotect,8
qqspy,8
hstart,8
suixin,8
copali,8
deleter,8
offjack,8
crisis,8
bearshare,8
tecabans,8
tigerrat,8
mazel,8
herpes,8
installunion,8
nottotrack,8
hostseditor,8
atros6,8
hateam,8
delpbanc,8
keyhook,8
browserio,8
nflxso,8
aimbot,8
sohu,8
boigy,8
econnect,8
dowque,8
discoteka,8
fltinstaller,8
reload,8
trinp,8
exebinder,8
mobler,8
redbrowser,8
mafia,8
batloader,8
neptuneloader,8
crazyprier,8
btcware,8
lsascan,8
zenfly,8
pcmechanic,8
msilinj,8
surak,8
maxdriver,8
ufiler,8
chches,8
advanced,8
bluescreen,8
vipip,8
kazuar,8
revengrrat,8
wisdoor,8
c99shell,8
pacoredi,8
stup,8
duowan,8
mapler,8
spammy,8
tusha,8
ababsoftware,8
dlfbfkg,8
delicium,8
darktrack,8
kasseika,8
staget,8
tyhos,8
appcrack,8
salo,8
passteal,8
avaddonransom,8
inrogatio,8
pawns,8
setter,8
adweb,8
ohiis,8
writos,8
muter,8
tdsskiller,8
blister,8
rocket,8
wezrat,8
bunnyloader,8
ogoxts,8
dtback,8
runas,8
vikingb,8
admedia,8
skipun,8
sulunch,8
suptab,8
perfectuninstaller,8
cryware,8
blackwood,8
cotxrat,8
finalwire,8
kvilim,8
jsbxzw,8
distress,8
boothi,8
minsoftware,8
moure,8
xabduu,8
clearplaytube,8
darkrat,8
pcchist,8
cambot,8
homeguard,8
genasep,8
byob,8
amsoptim,8
mediadrug,8
korlia,8
mickey,8
mbrdestroy,8
fakeext,8
dyamar,8
espioloader,8
fraudst,8
surfaccuracy,8
pingtunnel,8
jundrop,8
blackkingdom,8
inveigh,8
wirelessnetview,8
jacksbot,8
silcon,8
orbitum,8
delbar,8
dumplsass,8
cmnonline,8
biopass,8
virfire,8
egregor,8
xfplay,8
baryas,8
emudbot,8
tovicrypt,8
iisbackdoor,8
mifeng,8
remotecontrol,8
pplkiller,8
cookiestealer,8
mammonransom,8
systemcleaner,8
kagee,8
screenshot,8
asthma,8
plorexie,8
blackbox,8
formbookinj,8
netchecker,8
nomad,8
capco,8
bampeass,8
avinfoassist,8
katar,8
aloneguid,8
imehook,8
gravityrat,8
chinachopper,8
bestfreekeylogger,8
zzinfor,8
porndial,8
sohana,8
moleboxsvs,8
pedex,8
avtamper,8
creddump,8
tektonit,8
atros3,8
ucmore,8
popad,8
hookmoot,8
netspi,8
matadoor,8
copiet,8
yourfiledownloader,8
nioc,8
potao,8
eyepyramid,8
monkif,8
jiagu,8
smallahkdownloader,8
revshell,8
spynomore,8
cicada,8
disstl,8
boltolog,8
firewallbypass,8
l0v3sh3,8
rasith,8
wintweaker,8
disabledefender,8
premiuminstaller,8
bursted,8
tophos,8
erkez,8
ouroboros,8
doyourdatarec,8
keyboardspy,8
tenavt,8
slcg,8
driverassist,8
fontra,8
codewall,8
fleetdeck,8
hunterstealer,8
shopbot,8
whimoo,8
malachite,8
rustock,8
adsubscribe,8
cryptoff,8
helidat,8
durumminer,8
goldrv,8
elsentric,8
viknok,8
perfkey,8
pykeylogger,8
fakexpa,8
sugar,8
nppspy,8
undersor,8
cuba,8
gamemanager,8
lebag,8
levelio,8
executant,8
rjump,8
mempodroid,8
havar,8
hiddeninstall,8
capmouse,8
darksnow,8
vjw0rm,8
lianhuke,8
kryptonc2,8
malscanz,8
russoturisto,8
keymake,8
seveneleven,8
lentin,8
assoc,8
sennaonemaker,8
autcobit,8
interlock,8
logan,8
shelsy,8
evilginx,8
vasilek,8
goopdate,8
chepdu,8
wormhole,8
cinmeng,8
maze,8
chromepass,8
sanmaomailcracker,8
napolar,8
formatter,8
qt6assist,8
smorph,8
bunndle,8
inboxtoolbar,8
victorygate,8
ctblocker,8
gmunpackerinstaller,8
realblind,8
adstantinko,8
nlbrute,8
fakedel,8
hakbit,8
sincom,8
mcrypt,8
shortloader,8
tide,8
blinerarch,8
vwealer,8
hucline,8
lsassdump,8
hershell,8
subsys,8
p2pnetworking,8
neodurkjoiner,8
eventlogcrasher,8
gocrypt,8
autohit,8
xmasads,8
gigaclicks,8
elly,8
cryptoswap,8
kolweb,8
darkwidow,6
bghunter,6
mortar,6
jrat,6
agentcs,6
aukrat,6
bastdoor,6
skrull,6
velost,6
zephyrminer,6
caspetlod,6
eurotrade,6
glider,6
invibat,6
garystealer,6
fakscree,6
myxah,6
sysvenfakp,6
idsohtu,6
mimdau,6
pplfault,6
donloblib,6
vikingn,6
amseosz,6
a310logger,6
konni,6
procrustes,6
s4killer,6
wineloader,6
reflectiveloaderartif,6
doubleze,6
underground,6
sweep,6
yaassist,6
fipeg,6
sennoma,6
nimboc2,6
shrine,6
superfish,6
goinj,6
voidgate,6
logger,6
bitcocktail,6
humbleabode,6
rustycry,6
polazert,6
robin,6
xenoratnet,6
supertuneup,6
batcryptor,6
sqltool,6
iceid,6
zacinlo,6
hallaj,6
maldade,6
capcom,6
chilelocker,6
carrotbat,6
ogust,6
ftpy,6
brick,6
vankul,6
rsocx,6
albabat,6
doubled,6
cadelspy,6
gorillaprice,6
wnbios,6
quick,6
matsnu,6
skuldstealer,6
mihoyo,6
ransomphobos,6
piychan,6
liveguard,6
coyote,6
pidief,6
frocat,6
chromefix,6
risis,6
lorenz,6
seaduke,6
zfkeymonitor,6
xunpf,6
emarketing,6
trafaret,6
strtpg,6
muldropnet,6
antefrigus,6
coinhive,6
rentdrv,6
globalupdate,6
routerpassview,6
wafake,6
icogon,6
taojinstar,6
upharambegorshl,6
3dbuyu,6
driveragent,6
ccleaner,6
boogr,6
colowned,6
exedot,6
darkotr,6
evilnum,6
corrempa,6
rsocktun,6
synder,6
fakerecovery,6
gopix,6
bertrat,6
klnf,6
rehel,6
donoff,6
retliften,6
glacier,6
cdmip,6
hackersutility,6
safecleaner,6
globalhop,6
hiton,6
deimos,6
finaldo,6
atlantidastealer,6
passfox,6
mbrkill,6
privdog,6
parallax,6
drvinst,6
goldeneye,6
synte,6
smartshopper,6
noplemento,6
metel,6
bitter,6
jawego,6
polar,6
maslan,6
asistemi,6
vipersoftx,6
jabaxsta,6
mylobot,6
pppwn,6
gaudox,6
infostl,6
antinny,6
zemsil,6
zegostb,6
toshiba3rdparty,6
ozdok,6
adkill,6
activecollector,6
44caliber,6
clearbar,6
dnscleaner,6
neeris,6
waterbear,6
ethminer,6
registrysmart,6
defmid,6
badrentdrv,6
tenlet,6
ratel,6
winfixer,6
sqlinject,6
killswitch,6
fakepic,6
gbyy,6
uptodown,6
rdp2tcp,6
driveload,6
supper,6
netreactor,6
dsysc,6
avcrypt,6
fastrp,6
bugbear,6
sysprep,6
delfea,6
tunmirror,6
ransomdarkbit,6
autocrat,6
hplegmir,6
rasdialer,6
coolbar,6
agentc,6
metabar,6
coupons,6
iscan,6
ruon,6
ramy,6
tuto4pc,6
malsearch,6
surveiller,6
upgdsed,6
cokegift,6
murida,6
rookie,6
subsari,6
greyenergy,6
onlinegamest,6
badrabbit,6
kotop,6
onlineg,6
putabmow,6
misun,6
killprocess,6
pctattletale,6
onlinegamet,6
mpccleaner,6
cardinalrat,6
blackmailer,6
upaskit,6
ironsource,6
ranos,6
maloder,6
saflad,6
filetouch,6
mino,6
adfind,6
coopen,6
ddur,6
spyboy,6
kalhine,6
dexphot,6
nedsym,6
pushbot,6
lukicsel,6
executer,6
koblu,6
fantomcrypt,6
flowspirit,6
bibibey,6
raccoonstealerv2,6
poison3,6
madokwa,6
jevafus,6
helompy,6
zhangguojian,6
gameplaylabs,6
formatfactory,6
zcrypt,6
rofin,6
plocust,6
newdotnet,6
apocalypse,6
tobfy,6
enchanim,6
rokrat,6
volcanobox,6
shelldown,6
qiwmonk,6
finder,6
fignotok,6
micropsia,6
injexplorer,6
redmem,6
termixia,6
ghostnet,6
gottle,6
iwantsoft,6
mhyprot,6
huhc,6
blacknet,6
bonzo,6
fenomengame,6
yoybot,6
fakesysapp,6
brobot,6
virtumondet,6
ransomwar,6
bitstealer,6
zombam,6
resetter,6
itorrent,6
geit,6
registrystorage,6
exefromvbs,6
krypter,6
gputweak,6
itranslator,6
zipbomb,6
exela,6
fakedefrag,6
eraser,6
registryeasy,6
backswap,6
uosproy,6
bonuscash,6
gamex,6
konar,6
enfal,6
massmail,6
vbmalware,6
dsqn,6
kykyshka,6
portalfactory,6
adloader,6
diceloader,6
blazgel,6
smarttweak,6
analogx,6
opachki,6
pandora,6
koal,6
startup,6
plurox,6
pswmagania,6
nosrawec,6
socksover,6
1antivirus,6
xyntservice,6
appure,6
plead,6
cadro,6
mailbomb,6
derusbi,6
rusparail,6
downloaderhelper,6
hikit,6
wowsteal,6
fakefilecoder,6
prcablt,6
whitesmoke,6
trojansmokeloader,6
gpcode,6
reboot,6
openbullet,6
maluri,6
rincux,6
distask,6
fikpak,6
proxhelper,6
vorus,6
licat,6
certbypass,6
clickpotato,6
openshopper,6
haed,6
arefty,6
speesipro,6
adrotator,6
inor,6
gafgyt,6
afcore,6
orboddos,6
dusenr,6
negsid,6
amsitamper,6
hupigon3,6
vonteera,6
cryak,6
quyl,6
proxyagent,6
p7cebig,6
feebs,6
cimuz,6
calac,6
optimizerelitemax,6
hijacklpk,6
douver,6
cppinstaller,6
dogrobot,6
nosibay,6
mezzia,6
multiinstall,6
delfidelfi,6
silentinstall,6
cryptojoker,6
zuten,6
netprotectio,6
ncase,6
lanagent,6
deepsea,6
wolerngi,6
spyc23,6
beilextec,6
wukill,6
pfoenic,6
jadtreu,6
downld,6
spamer,6
skodna,6
yonsole,6
gejj,4
mangzamel,4
squirrelwaffle,4
paradise,4
dytka,4
doffer,4
anubis,4
trochil,4
powertool,4
emotetk,4
spyeyeplugin,4
braininst,4
filisto,4
nodestealer,4
netbus,4
messenpass,4
cheat,4
orifice,4
opiker,4
perfectoptimizer,4
routerscan,4
leigod,4
sandboxie,4
goldera,4
cerberw,4
sphinx,4
gamingserviceeop,4
beijingcrypt,4
plephij,4
goppel,4
relhis,4
wagex,4
crimsonrat,4
netwirerat,4
eroyee,4
sdby,4
drivernavigator,4
lovsan,4
pluginaccess,4
critroni,4
chrmcred,4
recovermaster,4
taurusstealer,4
wellmess,4
mgbot,4
idicaf,4
pickmeapp,4
garrantycrypt,4
toxicbattery,4
funloved,4
fotopapps,4
clemag,4
originlogger,4
logon,4
ddostf,4
stoppropaganda,4
noze,4
defaulttab,4
pwdump6,4
wannaminer,4
oligo,4
faketao,4
sidesearch,4
systweaker,4
commmonitor,4
wintu,4
discordsteler,4
dogkild,4
opendm,4
hensis,4
redslip,4
esxiargs,4
tscenter,4
infoaxe,4
keyboarddisable,4
garrantydecrypt,4
folstart,4
misoposer,4
hardbit,4
hyperbro,4
smsreg,4
lockbit30,4
jripbot,4
magicaljellybean,4
hlubea,4
piccolor,4
polycryptt,4
cdlock,4
bisarab,4
squarenet,4
epicscale,4
eicartestfile,4
arikkeylogger,4
lazarloader,4
phant0m,4
innaput,4
latentbot,4
sheetrat,4
rust,4
warezset,4
protron,4
viemlod,4
liimpact,4
hoster,4
mcrat,4
webcake,4
stealergen,4
driverhive,4
relnek,4
microleaves,4
villain,4
ysifin,4
multijoiner,4
dermedo,4
gendarmerie,4
shadowhammer,4
frank,4
goinsektrat,4
weird,4
hakc2,4
genieo,4
nicekatz,4
websearch,4
dropp,4
cryptedait,4
wingater,4
dualtoy,4
godosesz,4
connapts,4
tickler,4
snorm,4
exactbar,4
sait,4
monderc,4
gobalt,4
bundle,4
ransomnokoyawa,4
netke,4
keydro,4
banhguo,4
sien,4
cryptbase,4
rhhc,4
pentegesz,4
ktlvdoor,4
crydon,4
iceevent,4
sobig,4
dtrack,4
backdoordiplomacy,4
swapmouse,4
ircfast,4
yolox,4
alphv,4
faketc,4
packzbot,4
hagcons,4
trinity,4
prikormka,4
notb,4
sovfo,4
dldmioloader,4
optixpager,4
disable,4
golddragon,4
gotom,4
systemdestroyer,4
cryptoload,4
banload1,4
matrioska,4
killnotes,4
firefly,4
korgo,4
spyboss,4
dodgebox,4
vatos,4
flash,4
bluenoroff,4
gauss,4
nemim,4
mailskinner,4
lazardoor,4
lybsus,4
pikachu,4
joosoft,4
chinoxy,4
ganipin,4
ghsh,4
artradownloader,4
tomskype,4
reneg,4
demig,4
xiaoyutoutiao,4
suchcrypt,4
autoproxy,4
fodeweso,4
trojanpypykatz,4
melissa,4
otwycalp,4
doarey,4
appscience,4
oxcombo,4
jobaka,4
xbpruk,4
virtualgate,4
a1cleanr,4
passviewer,4
opasoft,4
blacknix,4
cmdwow,4
masqrazelf,4
mrblack,4
torchmedia,4
avdobfus,4
reviver,4
gobouncer,4
lazystealer,4
wormwiper,4
jokerspy,4
webhat,4
sakito,4
secureduck,4
installall,4
prilex,4
atomsilo,4
petun,4
sycall,4
ransomcactus,4
nimloader,4
pebbledash,4
kivars,4
luckeyjoke,4
manx,4
mipsload,4
runwaprep,4
lagpipe,4
samdumpz,4
krakencryptor,4
rustivedump,4
explosive,4
rdpthief,4
vuldrv,4
phase,4
antivirus2008,4
cronos,4
alteredsoftware,4
dinodas,4
upxpatcher,4
krbrelay,4
ransomblackcat,4
slothfulmedia,4
mythic,4
beavertail,4
azurebloodhound,4
randet,4
remotepotato,4
coronaworm,4
arcadeweb,4
sideloader,4
sidlodll,4
fastcash,4
hadeslocker,4
cryptdomaiq,4
sessiter,4
dogtunnel,4
nethacker,4
vdzmxbo,4
hkautoit,4
exepp,4
gotiness,4
crazymouse,4
windowsd,4
lognot,4
audio,4
jaskago,4
dozlodz,4
gaduka,4
dlrat,4
psreflectiveloader,4
aconti,4
mixer,4
bregent,4
ninerat,4
killpid,4
collest,4
zekos,4
socksoverrdp,4
ransomsimulator,4
mrweb,4
burpcollaborator,4
fonixransom,4
moneymessage,4
backupot,4
subti,4
gjirg,4
funweb,4
winantivirus,4
robloxstealer,4
heroinz,4
festi,4
shloader,4
hpqakbot,4
clickbx,4
pydark,4
psdownloader,4
tinyturla,4
truebot,4
mnimpl,4
zloadere,4
iisniff,4
stampado,4
boratrat,4
badda,4
atmqotx,4
sharpi,4
advpassman,4
gosecdmpz,4
bhosta,4
mythagent,4
sharpersist,4
keyspy,4
maggie,4
pontoeb,4
fireball,4
trojanshifu,4
phantomrat,4
amsidisable,4
luxnet,4
corewerewolf,4
baseloader,4
microsoft,4
eyeglass,4
palsas,4
baceed,4
trojanvidar,4
facebook,4
winpot,4
playgames,4
gendows,4
bluefox,4
avira,4
dirthy,4
kuwanbar,4
drivertoolkit,4
cnbtech,4
helios,4
malgentera,4
winshow,4
rcservice,4
thinknice,4
silentbreak,4
plugax,4
wmiexec,4
yty,4
listicka,4
lockedb,4
sheljector,4
blouiroet,4
marduk,4
caverntoffee,4
removetpm,4
artifact32,4
daoak,4
dfind,4
cristesz,4
nordoot,4
flysvr,4
clipsa,4
lokmwiz,4
vikingm,4
freyjaz,4
firedaemon,4
sensode,4
wuhushenyue,4
proxymini,4
similagro,4
trader,4
lockcrypt,4
cloudguard,4
ftper,4
blustealer,4
pyminer,4
hatkeys,4
ketrican,4
sheldor,4
hddkill,4
browsinghistoryview,4
bitmine,4
banach,4
ahmyth,4
xppasswordmanager,4
ghodow,4
gejd,4
multipasswordrecovery,4
xadupi,4
seasickle,4
revokery,4
redalert,4
huofenggameworld,4
lofy,4
isearch,4
purelogsstealer,4
matrix,4
checkplease,4
batut,4
narilam,4
mybios,4
mailbruter,4
hangover,4
spyanywhere,4
rayra,4
pennywise,4
buchon,4
stretcher,4
dimnie,4
dervec,4
skycn,4
deltreey,4
soge,4
keyplug,4
dumpreg,4
dripload,4
ylsoft,4
satwancrypt,4
hoaxshell,4
mpdd,4
epsilon,4
shlas,4
msidebar,4
torjok,4
pshellinj,4
earthworm,4
kronos,4
dropware,4
caddywiper,4
task,4
ammyyadmin,4
bxqx,4
fibbit,4
ssonce,4
exforel,4
webdav,4
pcmedic,4
besttoolbars,4
gdoor,4
extcrome,4
spacecolon,4
snakelocker,4
mingsoft,4
drowort,4
keymaker,4
aladino,4
fitmu,4
sharphound,4
wildtangent,4
tiltee,4
peepviewer,4
setdefaultbrowser,4
beyondkeylogger,4
aresldr,4
smartkeystroke,4
slac,4
banamed,4
gitbot,4
reptile,4
tobor,4
dosattack,4
fakepowav,4
hitpop,4
delikle,4
nvert,4
autoplaystudio,4
masterz,4
fanny,4
hidetools,4
elknot,4
jewdo,4
onflow,4
latinus,4
batton,4
jottix,4
vtope,4
dedsec,4
spyex,4
dodro,4
aphex,4
kpotstealer,4
pebox,4
jocker,4
swimnag,4
bfvg,4
kisucrypt,4
imminent,4
chownloader,4
rokut,4
baofa,4
deedrat,4
texploreav,4
ring0,4
jukbot,4
remloader,4
advancedpasswordrecoverysuite,4
vikingz,4
xplag,4
delpinj,4
bubbledock,4
dsefix,4
zuru,4
adamantiumtheif,4
darkpower,4
thanatos,4
bubblesound,4
xpantispyware,4
machete,4
track4win,4
cinmust,4
acidshiver,4
tinydow,4
darkcrystalnet,4
adlo,4
prockiller,4
passrenewer,4
melter,4
johncrypt,4
nemqe,4
secondeye,4
smartpctools,4
ransomtimer,4
vyper,4
ambler,4
jaff,4
bearote,4
miniupnp,4
gohip,4
dealhelper,4
pixoliz,4
xenocoded,4
greybird,4
aphexlace,4
slipafext,4
uloader,4
folders,4
draculoader,4
simouk,4
iesettings,4
pcclear,4
vifiter,4
skill,4
fakeplayer,4
bluewushu,4
cracksearch,4
pswdybalom,4
cryptoclippy,4
pvlognetprotector,4
bootchanger,4
hpnitol,4
kuiper,4
elitekeylogger,4
vhdlocker,4
mars,4
syncexpert,4
beroexepacker,4
owari,4
kikin,4
wabbit,4
xdata,4
cryptomix,4
spawnt,4
workir,4
prier,4
encryptpe,4
unsigntool,4
sifmnjm,4
loudmo,4
tendcef,4
kapucen,4
locked,4
bulilit,4
spytector,4
crypttermite,4
torun,4
fuclip,4
qqsender,4
photominer,4
moonransom,4
exebundle,4
loodir,4
meds,4
sideload,4
allotick,4
hybris,4
snaffler,4
darkloader,4
gisr,4
adec,4
gc2sheet,4
mircer,4
comeli,4
adkubru,4
pcmightymax,4
wshrat,4
botnetlog,4
fygscan,4
curator,4
windowswga,4
filenolja,4
offerinstall,4
spia,4
yemrok,4
mauicrypt,4
wplugindll,4
adpeak,4
eusingipscanner,4
ufraie,4
loocipher,4
kelvir,4
fixer,4
anagra,4
kaaneut,4
sahat,4
hppoison,4
cholera,4
smtpmodule,4
aliser,4
esulat,4
errorend,4
shadebot,4
decrypt,4
sleltasos,4
mircspy,4
chiton,4
systemcare,4
debitom,4
netview,4
sowel,4
kaiten,4
viruscure,4
rootcip,4
softad,4
messengerplus,4
lightsee,4
pingdel,4
lolojan,4
bayan,4
darksky,4
simplytech,4
stealthworker,4
webthunder,4
gucotut,4
sckeyloga,4
zulsycrypt,4
silentinstaller,4
innovativesolutions,4
ormes,4
pswlineage,4
cudominer,4
qeds,4
braban,4
baigoo,4
spenoty,2
icefog,2
janelrat,2
registryquick,2
autotsifiri,2
actmon,2
tcpz,2
mtksu,2
ransomconti,2
locotout,2
bottomloader,2
strtpge,2
privacycenter,2
reverseproxy,2
pswqqrob,2
avsystemcare,2
handyencryption,2
fieur,2
totalspy,2
pariteb,2
thesojems,2
grinidou,2
zeppeline,2
mploit,2
totbrick,2
xddtray,2
halen,2
hidwinrun,2
tftp,2
osno,2
disguisedcoinminer,2
internalmonologue,2
netdevil,2
rozenaz,2
downlite,2
virinom,2
carberpplugin,2
tinymet,2
astral,2
spynetrat,2
sinowalt,2
amsepesz,2
emptybuilder,2
ffdroider,2
korplugx,2
fuling,2
deelae,2
sharpmapexec,2
ldpinch1,2
cobaltbeacon,2
superunit,2
nupack,2
flashservc,2
xcore,2
bacrez,2
yazzlesudoku,2
laziok,2
minipocket,2
braces,2
nightmare,2
lokorrito,2
startpg,2
wdriveremap,2
statuezy,2
transmit,2
romcomrat,2
seatbelt,2
paybyads,2
datepop,2
thunk,2
railack,2
vilsastealer,2
superscan,2
hocamin,2
yelloader,2
spystealer,2
dewnad,2
mincer,2
w10tweak,2
mettle,2
aiseesoft,2
alcaul,2
rustworm,2
rawpos,2
jintor,2
touasper,2
darkes,2
temonde,2
nosibubble,2
aluigi,2
seepeldown,2
alreay,2
gaertob,2
bebra,2
clfs,2
femad,2
xdspy,2
crdrpi,2
stealthworm,2
maxpctuner,2
pythoncrypt,2
xsoul,2
czyk,2
bitrat,2
reomot,2
silverlight,2
sysjoker,2
vaultcrypt,2
godpotato,2
hpnetwired,2
verst,2
chepl,2
hotmailhack,2
metfok,2
pswtibia,2
installvibes,2
xagent,2
csrat,2
optimizero,2
regger,2
mediket,2
drddream,2
bewoebic,2
freezpass,2
diskcleaner,2
bart,2
envdropper,2
qqflood,2
mloader,2
halfy,2
unicube,2
defdiz,2
hangvotej,2
pandasteal,2
steauz,2
gwboy,2
livesoftaction,2
catchamas,2
rusdrp,2
felpi,2
casinj,2
crystal,2
morpes,2
preinjesz,2
polyvice,2
snitch,2
passchange,2
agenslanet,2
udprat,2
sigloader,2
backoff,2
explinjesz,2
qhost0,2
digitala,2
broperk,2
fakesys,2
kidlogger,2
alerta,2
smelles,2
rasviewer,2
bohmini,2
spysim,2
spoof,2
paloadesz,2
oylecann,2
privacymaster,2
keychaindump,2
trialkiller,2
exexsc,2
rsockstun,2
shellot,2
littlemetp,2
sailvic,2
fakesupport,2
kryptinno,2
vonost,2
sagic,2
etwhook,2
anatova,2
stresid,2
ransomexx,2
tiblue,2
gosar,2
emotetcs,2
acsogenixx,2
netsend,2
blackbit,2
grok,2
expiroa,2
getbooks,2
spacer,2
goodmedia,2
wind,2
weleglot,2
sandboxtester,2
whad,2
mystqinj,2
lockbitwl,2
sanny,2
infectionmonkey,2
quarterrig,2
metsiseyt,2
pyark,2
youieload,2
resod,2
skuld,2
drogcatchaft,2
cobalts,2
miaox,2
pipemon,2
lostorin,2
ransomrobin,2
ic2x72c,2
sideloadz,2
exmas,2
speccom,2
shaitan,2
dumpy,2
vuldriveloader,2
powercat,2
nanorobeus,2
chromekatz,2
goddi,2
javaappkiller,2
skelog,2
industrialspy,2
neuron,2
amanvpn,2
evillsasstwin,2
tsunami,2
dnslog,2
ransomakira,2
noirskie,2
deecaf,2
siofra,2
nightsky,2
alibaba,2
blarul,2
ransomwasted,2
filetransfer,2
myfasterpc,2
imecab,2
launchshell,2
thetheif,2
pingpull,2
hintinject,2
reg1staid,2
gamhopic,2
happycow,2
clack,2
servent,2
cryptonite,2
vuad,2
multiloader,2
arakan,2
handlekatz,2
guidownloader,2
utanioz,2
browsefox64,2
phantomdl,2
tinyshell,2
gooseegg,2
feedload,2
remeloadesz,2
arrowrat,2
paramis,2
chupacabra,2
caerat,2
ntdllunhooker,2
obfevent,2
interception,2
everfresh,2
sheheq,2
windowndate,2
brodrop,2
smbscan,2
turlacarbonemailc2,2
ntlm,2
gottacrypt,2
ransomhellokitty,2
trojanteardrop,2
dagava,2
netpack,2
applet,2
whistler,2
jiggler,2
motnug,2
bekepesz,2
shadowf,2
gangola,2
doki,2
craccoon,2
bagar,2
safetykatz,2
fruityarmor,2
grunt,2
sitevacuum,2
ladongo,2
loadinjector,2
darksteel,2
tenega,2
norbitvpn,2
metacc,2
zebra,2
ghostdriver,2
tjlort,2
memhunt,2
polarbear,2
plingky,2
collectionrat,2
wslink,2
trojandarkloader,2
evrial,2
alphaseed,2
liontail,2
psattack,2
mythicagent,2
notepadspawn,2
mozaakai,2
megaclient,2
hebex,2
freeme,2
cmoon,2
rurktar,2
appgraffiti,2
fakeia,2
ransomlockfile,2
backdoordinodas,2
dmalocker,2
pafish,2
inexsmar,2
nimscan,2
aproposmedia,2
radar,2
huiloader,2
multiminer,2
phantogesz,2
gazer,2
invisimole,2
ozone,2
luminositylink,2
rukap,2
anytogif,2
globe,2
mimirust,2
libp2p,2
graphicalneutrino,2
frusefas,2
trier,2
zixiashtz,2
t8000,2
powerloader,2
iepatch,2
dialxlite,2
casec,2
yanluow,2
gauq,2
lobshot,2
stegvob,2
yosenio,2
ladon,2
morgan,2
winpeas,2
privilegeescalation,2
winoff,2
mydisksu,2
socgolsh,2
kexplore,2
springshell,2
watrmeera,2
sagev,2
slub,2
unrealircd,2
wintroy,2
heriplor,2
cerberus,2
invertedimage,2
cariez,2
vcenterkiller,2
secrar,2
mmcore,2
browsstl,2
racoonstealer,2
leivionb,2
etumbot,2
bucbi,2
derohe,2
magicrat,2
duetag,2
glyn,2
lerspeng,2
rustyagent,2
fakeskype,2
mragent,2
utilman,2
allcome,2
sprotect,2
cryptrun,2
auzenpak,2
cryptvittalia,2
vikingh,2
crdisk,2
rotaderp,2
prefchanger,2
negetsog,2
certify,2
hesperbot,2
mosucker20,2
valak,2
wintionalitychecker,2
crytox,2
wace,2
fpipe,2
revenant,2
knownbe4,2
registrycleanmaster,2
softwareinformer,2
spfyvdqsw,2
bandios,2
derusht,2
bind,2
orat,2
trevorc2,2
ryuk2,2
mevade,2
surtr,2
crpytinject,2
aegrus,2
flystudiox,2
registrymedic,2
bazarnimrod,2
infinyhook,2
absee,2
macaw,2
lanproxy,2
pybackdoor,2
keefarce,2
bofloader,2
hamweqb,2
knowbe,2
geravib,2
farkaz,2
greenmonster,2
xena,2
fodh,2
obitel,2
powerline,2
wmighost,2
decrypter,2
psyokym,2
flawedammyy,2
agentdoc,2
multiload,2
poxloadz,2
cassiopeia,2
relic,2
fafli,2
xxmm,2
adlock,2
proxyspp,2
orbws,2
higlieder,2
darkset,2
compfun,2
orcusnet,2
edrblok,2
fcrl,2
timrev,2
atexec,2
handycafe,2
darkbit,2
blackangel,2
saturn,2
cryptowire,2
sinochoper,2
twincarbon,2
winlagons,2
rarcon,2
yokbar,2
spica,2
turlacarbon,2
petitpotato,2
bropia,2
ursnifi,2
leave,2
samecoin,2
netseal,2
elvatka,2
duxfas,2
mapiget,2
stealthbat,2
stimilini,2
packity,2
lumar,2
wribem,2
ksdler,2
rastealer,2
fndialer,2
darkddoser,2
processcritical,2
maslog,2
slbbg,2
networklookout,2
podnuha,2
getnow,2
backdoormachete,2
hirhir,2
lecna,2
surldoe,2
hupigonplugin,2
dearcry,2
besidy,2
goransom,2
foxstealer,2
bhottle,2
redeemer,2
bassbreaker,2
newplayer,2
ransomtescrypt,2
easypoint,2
flirtip,2
mistdelf,2
abuja,2
lopht,2
syvdr,2
vikingt,2
smominru,2
tomegun,2
tommytech,2
arbinder,2
rapid2,2
batlauncher,2
whiterabbit,2
nocry,2
manyasu,2
icarus,2
sign0fmisery,2
depthcharge,2
copytowindows,2
allakorerat,2
packre,2
fomish,2
delsha,2
lipgame,2
dler,2
samoware,2
ropmola,2
viruswizard,2
diavolo,2
sefalod,2
smokeloadr,2
poshkeylogger,2
yandiset,2
descompact,2
bozok,2
installcommerce,2
bitsuh,2
cidhelp,2
spyload,2
zhysoft,2
tefosteal,2
tavsurv,2
hpcryptlock,2
antispyware,2
codeode,2
wastedlocker,2
vhv7ljb,2
imeifind,2
cyreho,2
ncctrojan,2
volgmer,2
advancedpccare,2
recealer,2
vohuk,2
nussamoc,2
hydrapos,2
donked,2
okmate,2
imafly,2
swapmousebutton,2
sircam,2
searchnet,2
linfo,2
krizcry,2
zyklon,2
remotestorm,2
incognito,2
rcapat,2
netmedia,2
strtpga,2
karkoff,2
vbbot,2
ledaig,2
futurax2,2
invisiblekeylogger,2
bajos,2
chksyn,2
blindingcan,2
whizelown,2
floyadi,2
maxy,2
sfile,2
nepinseft,2
mysearch,2
fakedef,2
angelus,2
purelocker,2
crylocker,2
tencentprotect,2
piptea,2
minild,2
goznym,2
kasperagent,2
advancedmasssender,2
sabine,2
dobreprogramy,2
cmsbrute,2
stratork,2
flyvb,2
treasurehunt,2
fbhack,2
uiwix,2
siluhdur,2
nivasteg,2
tapazom,2
screenblaze,2
mamba,2
vitchit,2
panther,2
fasem,2
cratorr,2
vkcheat,2
quchispy,2
loskad,2
wormlocker,2
mydse,2
softsix,2
allthumbs,2
easyhotspot,2
davinci,2
tintin,2
istbarx,2
malavida,2
sizzle,2
heavenward,2
hydraq,2
sixsigma,2
sathenvir,2
sysupdate,2
audiocool,2
ultrapcdoctor,2
fakepav,2
mayday,2
exshell,2
stealit,2
collec,2
amokjoiner,2
lambdacrypter,2
processpatc,2
filerevertor,2
arguepatch,2
blazemedia,2
registrybooster,2
agedown,2
webrebates,2
availmetre,2
mylife,2
madmxshell,2
lgoogloader,2
hijacking,2
cmstar,2
snc,2
instbase,2
eorezod,2
beerbot,2
greencollector,2
karud,2
onlinegamea,2
dialhub,2
spywareremover,2
amtgimon,2
beapy,2
superantivirus,2
splash,2
purga,2
redoc,2
boxore,2
optixlite,2
multipacker,2
windealer,2
exedllresourceextract,2
burningstudio,2
phoreal,2
dafunk,2
totalrecorder,2
tzhen,2
imon,2
goldfin,2
disccool,2
bulkemail,2
monderd,2
freeshortcutfix,2
goldoseri,2
shaker,2
totalaudio,2
pretoria,2
mard,2
kryptocibule,2
youpad,2
netsuprat,2
remotetaskmanager,2
cuteftp,2
xololo,2
lores,2
pleadial,2
multidro,2
spear,2
winext,2
shadowwali,2
padcrypt,2
tbag,2
confucius,2
vesenlosow,2
ranbyus,2
employeeactmon,2
pointstone,2
agentspy,2
fileinfo,2
pswldpinch,2
liteduke,2
controltotal,2
fastcomputer,2
ransomcuba,2
spycos,2
freechal,2
hombot,2
overjoiner,2
gansip,2
hidefiles,2
shuck,2
bancodor,2
optixkill,2
smartspace,2
shorm,2
obvesa,2
hvost,2
cryptoobfuscator,2
joyoboxcleaner,2
fruita,2
assasin,2
atera,2
sedreco,2
joao,2
plexus,2
funmoods,2
bookworm,2
ariabody,2
passwordfinder,2
rename,2
smestesz,2
cordis,2
securitysphere,2
amtso,2
emasen,2
vsingle,2
trojanulise,2
alice,2
bytesv,2
klest,2
eyedocx,2
pitit,2
kakavex,2
onestats,2
sholta,2
vuupc,2
snadboy,2
totilix,2
crastic,2
oberon,2
banloadn,2
darktrace,2
mocry,2
megumin,2
rapita,2
rontokbroct,2
androm2,2
burhon,2
jqeo,2
hfolders,2
hpcrypmic,2
minihan,2
bxmin,2
compuclever,2
babel,2
huigezit,2
keypass,2
powerreg,2
ipscan,2
eyooun,2
langweil,2
iiapple,2
nightdoor,2
ultimatekeylogger,2
kepier,2
netshadow,2
jongiti,2
gamepswb,2
gamaniab,2
firstfloor,2
secureage,2
pswfrethoq,2
awardkey,2
pespinpacked,2
semsubim,2
minebridge,2
registryvictor,2
cutwaild,2
jisu,2
paritedll,2
hintsoft,2
keatep,2
linklooker,2
sysvenfakn,2
yirith,2
yamabot,2
helpexpress,2
habot,2
kwotc,2
dumador,2
pinger,2
rcserv,2
eroot,2
turnedup,2
babocika,2
gizer,2
vobfusw,2
pegasus,2
efskey,2
qibongi,2
chisburg,2
mysidesearch,2
rontokbroc,2
bamgadin,2
begman,2
adstan,2
bumer,2
fakeuinit,2
sciagnij,2
evotob,2
cryptcerber,2
shadowb,2
syndicasec,2
lokibotcrypt,2
colooader,2
fallchill,2
truedownloader,2
fujacka,2
rameh,2
wesker,2
writer,2
psybnc,2
mitglieder,2
dotbundler,2
apiscryptor,2
soundfrost,2
newt,2
shbot,2
clickme,2
regin,2
ransomcwall,2
mccrash,2
holar,2
beaster,2
tcon,2
mamianune,2
protoride,2
gnatspy,2
frndsencryptor,2
filedm,2
rcexpert,2
executor,2
bulknet,2
parple,2
gofy,2
abyss,2
stubrc,2
orpcbackdoor,2
oderoor,2
qqchatlogger,2
cryptolocky,2
eventstream,2
horuseyes,2
jood,2
shasoft,2
sandrorat,2
ribaj,2
xpcspy,2
pipsek,2
mischa,2
redleaves,2
aster,2
winpassviewer,2
adult,2
immultipass,2
cefyns,2
sneepy,2
gadgetbox,2
senglot,2
treizt,2
sixxpack,2
yiwanzhushou,2
redsky,2
paras,2
tapaoux,2
vertion,2
spymon,2
yapaxi,2
likseput,2
blackout,2
dacra,2
fonctuzim,2
nazar,2
klogger,2
appacker,2
haxspy,2
rochap,2
agentus,2
rex,2
frostyneighbor,2
showbehind,2
tron,2
setup,2
kakkeys,2
imedix,2
emotet4,2
scriptexpert,2
smartassembly,2
hiddad,2
paranoidfish,2
hobbit,2
agendacrypt,2
winner,2
makuha,2
sasfisb,2
aebot,2
ntscan,2
droidrooter,2
secondthought,2
redlinet,2
kaskitya,2
dragonbox,2
supernova,2
dangbei,2
saguaro,2
caesarcrypt,2
pobtiz,2
dameware,2
comrade,2
wittoolbar,2
limitail,2
cnaddare,2
findre,2
gamepswc,2
spiceratplugin,2
dllhjack,2
jakinch,2
crunch,2
cryptopay,2
genie8dn,2
zypush,2
spysheriff,2
esecn,2
delta,2
ligzoc,2
spicerat,2
sodamaster,2
mygot,2
babykransom,2
vikingg,2
cemuhook,2
emuvito,2
duqu,2
nutiliers,2
torbot,2
jsworm,2
duuzer,2
stresspaint,2
masskeyloader,2
qwbot,2
dllcheck,2
bluesky,2
krachulka,2
waredot,2
awangba,2
jexec,2
pwlview,2
dlkroha,2
krotten,2
botcmd,2
screenroses,2
malkrypt,2
kobcka,2
aspxspy,2
noabot,2
debugcheck,2
homgrd,2
mfcserv,2
aolisil,2
crylockransom,2
kanallar,2
onlinegames6,2
badvpn,2
bangsmoop,2
passkiller,2
wox,2
xhaker,2
cryppetrwrap,2
romeo,2
defile,2
agentz,2
steamilik,2
rombertik,2
solacsof,2
orbit,2
lookback,2
adparatus,2
nestog,2
bebrastealer,2
hehe,2
skateboard,2
rottenpotato,2
hamweq,2
colose,2
remoteprocessspawn,2
mistcloak,2
minicom,2
keyloggeronline,2
jcry22,2
theefle,2
interpop,2
hussarini,2
qudomacer,2
craagle,2
idialer,2
redhand,2
danginex,2
cyanmischa,2
mart,2
clomatok,2
purge,2
attor,2
beeminer,2
aeslocker,2
jqrn,2
zipcrack,2
arcdoor,2
passwordfilter,2
aresloader,2
gppremote,2
nicespy,2
pinny,2
icelandic,2
droco,2
jusou,2
pwshrunner,2
ronoper,2
nagoot,2
mosaicregressor,2
wombat,2
pidez,2
peermarket,2
danseed,2
whoran,2
anyrecover,2
gyimface,2
homevn,2
terminal,2
xdoor,2
nettooldetect,2
baldr,2
elitewrap,2
webadsystem,2
zmist,2
couponoffer,2
